feature,importance
domain_entropy,0.16045533759242125
max_consonant_run,0.1258775070524739
host_length,0.12492232025798652
num_dots_host,0.09844467477039412
domain_name_length,0.09632734377133105
longest_label_length,0.08021274004532036
digit_ratio_host,0.07554495739658189
num_digits_host,0.051668283758861
num_hyphens_host,0.04692316026278186
subdomain_count,0.04521211402995992
suspicious_word_count,0.03341793391841806
is_ip,0.0319613941654727
is_suspicious_tld,0.023944683829376923
has_port,0.004525098764308912
is_shortener,0.0005009714914246386
has_punycode,6.147889288678209e-05
has_at,0.0
